overs,wickets,runs_so_far,venue_factor,final_score
34.823,6,0,1.122,32.76
14.307,1,7,1.097,150.51
11.343,8,134,1.0,247.48
27.566,5,102,0.923,149.21
35.973,3,135,0.888,164.09
21.155,4,173,1.103,308.51
49.038,9,128,1.053,58.5
34.241,9,65,0.93,82.08
24.047,1,93,1.068,202.47
19.606,6,66,0.942,160.04
17.159,9,186,0.926,257.16
36.452,0,11,1.072,82.35
21.929,0,158,1.072,284.51
2.984,5,227,1.097,395.78
19.902,3,178,1.105,297.47
36.9,6,196,1.014,218.88
9.125,0,145,0.927,320.23
8.773,3,86,1.032,230.81
26.578,3,6,0.94,67.12
26.591,4,173,1.088,262.52
31.72,0,14,0.886,80.99
42.472,4,214,0.948,223.86
36.223,8,23,0.861,28.16
30.551,9,32,0.984,55.6
36.122,9,47,0.892,38.53
16.148,7,93,1.142,223.16
18.089,8,235,0.957,284.25
11.413,4,118,1.087,269.22
14.686,4,123,1.099,263.43
31.549,5,97,0.878,106.85
4.605,9,136,1.051,270.25
21.685,6,169,0.953,253.27
21.543,4,30,0.939,109.1
24.684,0,63,1.076,163.41
21.292,4,190,0.926,279.74
15.613,9,247,0.943,295.45
21.318,8,230,1.077,285.05
44.669,5,128,0.955,99.88
47.208,0,224,0.968,241.16
25.092,4,32,1.072,132.22
31.198,5,98,0.892,119.11
5.781,2,102,1.058,273.23
15.864,8,248,0.947,336.27
20.741,0,218,1.103,334.63
43.315,1,136,1.036,183.73
12.523,3,4,0.852,111.4
24.152,1,115,0.89,203.66
49.278,7,124,1.075,93.27
25.974,1,53,0.916,137.31
30.645,9,104,0.855,110.27
6.031,1,118,1.072,303.92
41.317,4,138,1.052,130.22
30.153,8,57,0.917,65.83
27.253,2,30,1.038,118.34
17.138,0,237,1.038,376.83
15.206,2,170,1.132,311.5
20.851,8,160,0.879,225.37
34.065,7,156,0.901,190.13
43.773,0,2,0.941,31.77
25.521,3,55,1.08,134.61
33.466,3,180,0.992,239.76
29.297,4,89,0.96,166.46
31.245,5,192,0.964,219.47
33.734,9,119,1.002,128.33
42.117,8,142,0.947,129.42
4.16,9,131,1.055,265.11
38.184,6,75,0.858,81.53
12.183,5,213,1.029,337.34
9.711,7,87,0.958,204.72
28.623,6,160,0.994,197.95
4.786,2,80,1.076,283.8
44.266,1,22,0.861,20.55
31.362,0,218,0.915,284.67
36.171,3,92,1.003,124.64
0.806,1,78,1.035,273.39
29.722,4,126,0.906,173.59
27.839,6,232,0.909,276.24
7.948,6,212,1.037,373.26
7.654,8,174,1.067,299.67
34.776,4,189,0.985,221.86
15.938,2,189,0.984,304.47
34.599,6,235,0.97,249.42
27.719,8,216,0.926,259.32
19.448,4,80,1.146,195.74
46.257,5,233,1.038,203.86
42.083,6,12,0.957,-10.15
17.87,4,234,0.927,327.59
2.18,7,199,0.925,356.06
15.238,6,109,0.945,195.22
19.909,0,167,1.016,283.51
35.248,6,114,1.025,136.36
49.768,0,162,1.049,179.63
17.796,4,242,0.857,338.48
38.127,9,218,1.023,219.27
29.659,1,153,1.024,217.31
34.585,3,109,1.126,154.73
7.556,6,178,0.919,301.23
19.944,0,3,0.863,92.5
12.043,9,43,1.134,143.01
17.173,4,156,1.019,262.24
25.656,1,168,0.881,227.99
33.331,4,188,0.948,228.61
5.295,6,54,0.967,204.89
6.545,8,123,1.08,267.86
16.099,7,1,0.929,104.05
33.078,8,61,1.135,83.62
42.325,5,176,1.022,163.19
27.663,8,233,0.879,267.45
42.723,8,73,1.002,56.92
19.242,7,192,1.025,258.58
15.839,6,27,1.138,144.22
17.713,1,221,1.124,374.07
8.554,8,175,1.132,330.74
41.456,6,143,1.044,150.48
16.934,9,13,1.043,103.72
27.619,9,178,1.055,232.2
28.928,5,206,0.865,254.86
26.077,6,189,0.929,257.96
0.134,9,23,0.926,151.15
49.417,5,156,1.084,135.61
45.267,3,99,0.901,103.43
10.382,4,97,1.073,255.26
14.624,5,195,0.975,323.06
26.001,4,91,0.931,163.13
45.096,0,157,1.121,172.2
49.182,8,84,0.941,33.77
12.877,0,70,1.082,238.97
28.218,4,187,1.077,260.27
40.348,6,177,0.963,159.71
19.719,2,38,0.948,144.27
36.554,4,50,0.851,77.33
8.053,1,94,0.989,257.26
30.035,9,15,0.903,42.77
43.293,2,92,0.853,110.22
49.176,9,95,1.035,44.92
3.968,7,141,0.888,271.32
21.417,1,56,0.942,141.66
10.227,4,205,1.064,336.42
22.532,5,176,1.074,271.43
27.388,2,30,1.136,107.55
4.666,5,231,1.122,425.08
14.843,1,195,1.005,338.43
46.379,8,75,1.134,46.29
28.45,0,171,0.953,268.87
22.871,7,174,1.015,245.85
37.676,9,44,1.013,65.17
37.093,6,179,0.857,196.3
2.429,7,94,0.861,208.7
35.435,0,107,0.921,151.98
41.962,2,64,1.129,76.81
8.297,3,29,1.121,211.96
39.05,3,152,1.041,175.51
14.327,1,143,0.87,277.53
15.323,4,53,1.136,194.67
33.263,1,116,0.87,171.41
5.57,4,228,1.002,386.66
33.244,0,138,1.036,211.51
44.393,4,179,1.063,158.87
34.816,8,42,1.128,78.05
22.016,6,245,0.953,313.42
21.911,8,248,0.962,315.56
38.255,3,66,1.013,78.45
28.282,9,244,0.925,269.31
4.245,0,96,1.014,278.96
29.134,3,16,0.954,60.32
40.742,3,57,1.129,79.03
16.853,1,232,0.942,337.63
46.379,6,143,1.04,139.48
37.536,1,98,0.966,143.55
28.703,0,145,1.146,239.72
37.582,7,184,1.118,201.61
3.957,3,71,0.945,210.98
42.969,1,63,0.852,46.81
41.075,6,210,0.939,198.64
45.494,1,235,0.998,255.02
6.432,4,108,0.951,243.12
4.089,5,203,1.048,379.08
6.921,5,127,0.949,267.06
19.969,1,249,0.948,367.94
21.215,0,61,1.119,199.21
28.111,1,143,0.937,224.28
6.112,8,186,1.028,303.64
10.07,9,31,1.006,137.51
40.582,5,72,0.928,94.77
23.399,3,57,0.895,116.88
40.397,4,36,0.956,57.8
0.371,1,18,0.946,214.43
27.58,6,122,0.958,170.0
46.597,2,197,1.094,208.02
29.109,1,23,1.01,90.24
10.305,0,180,1.142,353.62
35.888,6,4,0.941,23.57
18.949,9,221,0.924,275.39
33.419,5,131,0.863,182.31
1.466,2,40,1.109,239.77
31.795,7,88,0.993,103.05
1.61,6,241,0.939,385.96
37.239,3,192,0.858,222.57
23.646,6,13,1.037,93.72
6.088,7,170,0.94,285.78
27.132,6,38,1.045,84.73
3.339,1,56,0.884,198.39
32.668,2,80,1.005,156.5
49.804,5,248,0.891,210.02
38.47,1,231,1.046,268.32
28.689,0,241,1.071,349.67
5.132,2,31,1.09,212.64
34.992,2,79,1.088,141.22
33.058,4,82,1.113,131.23
2.455,1,212,1.109,413.64
39.615,6,28,1.093,51.26
25.936,8,170,0.925,206.63
21.293,7,243,1.113,354.78
39.409,9,128,0.996,116.75
20.578,0,115,0.891,195.62
24.051,8,216,1.093,278.3
9.081,4,214,1.093,367.97
16.066,1,219,0.982,373.75
42.277,2,74,1.064,81.57
9.345,7,49,0.882,143.41
20.865,9,25,0.886,79.56
49.452,7,204,0.969,156.47
11.83,4,171,0.921,293.58
45.842,8,228,1.11,205.32
45.92,2,72,1.109,91.12
4.565,0,244,0.892,423.98
23.183,0,203,0.943,325.23
25.111,2,179,0.985,251.22
15.683,0,243,0.887,366.93
2.367,9,216,0.886,318.94
12.084,7,196,0.992,302.65
4.776,4,132,1.032,327.04
11.912,9,94,0.901,171.1
40.39,0,157,0.896,205.64
44.749,1,92,1.06,99.9
2.161,0,142,1.125,353.49
15.097,8,36,0.85,94.0
49.029,2,189,1.08,164.07
26.975,2,84,0.853,153.27
31.315,4,106,1.132,161.98
0.277,9,60,0.954,192.9
24.245,7,147,1.081,212.05
49.416,3,153,1.007,142.76
18.759,8,161,0.96,220.16
4.852,0,130,0.966,322.44
23.095,8,216,1.056,283.94
48.15,0,192,1.115,201.31
17.092,5,101,1.092,236.97
39.946,3,206,0.953,233.45
39.942,3,210,1.079,252.0
10.412,2,171,0.901,310.35
22.168,0,127,0.85,240.76
35.78,3,31,1.057,60.78
20.526,0,192,0.875,309.85
9.55,1,189,0.971,347.19
48.375,6,91,1.096,61.86
32.538,9,180,0.965,176.1
43.273,2,210,0.866,225.7
1.262,1,233,0.855,374.35
13.345,8,5,1.122,124.9
25.104,4,66,1.096,159.13
3.372,4,92,1.046,272.52
49.652,3,232,0.853,199.77
11.823,3,196,1.079,328.25
18.715,8,204,0.98,266.24
10.701,2,171,0.875,297.23
5.272,9,191,1.077,347.69
11.624,2,75,1.058,227.82
15.031,4,105,0.914,217.13
31.722,8,24,0.947,51.97
14.062,5,197,1.139,317.16
18.114,9,111,0.885,181.77
0.297,2,141,1.095,351.25
18.286,6,89,1.045,198.92
26.694,2,241,0.917,305.23
8.101,3,91,1.021,227.61
29.872,7,21,1.023,55.55
14.658,6,41,0.864,127.39
31.603,6,9,1.057,47.73
1.31,2,237,0.865,405.4
44.38,7,91,1.018,57.61
0.806,5,84,0.863,217.95
6.348,7,132,1.086,260.23
38.858,3,131,1.14,162.53
2.295,6,202,0.87,320.36
35.55,2,247,1.114,294.36
48.552,4,148,1.085,131.51
43.584,3,120,0.973,119.21
35.508,2,211,0.902,255.75
47.925,6,66,1.073,41.7
21.491,9,249,1.07,310.52
43.644,1,225,1.049,243.57
17.798,7,93,0.944,176.31
46.488,9,223,0.986,175.42
7.439,9,123,0.854,228.65
47.001,6,125,0.951,78.74
41.636,6,89,0.996,83.87
42.303,4,139,0.927,156.46
6.196,8,141,1.019,283.92
29.824,0,110,0.93,188.17
0.82,7,136,1.044,285.25
36.059,9,49,1.024,68.86
0.387,6,93,1.109,278.16
4.241,1,118,0.908,285.98
11.275,5,208,1.078,329.51
43.756,1,235,1.112,234.4
18.179,8,237,0.863,287.15
26.998,8,86,0.975,141.57
28.405,3,46,0.954,121.88
11.273,8,145,0.857,220.78
28.607,2,132,1.082,220.12
33.048,1,11,1.114,66.2
14.912,2,32,1.08,165.54
20.931,2,215,1.067,340.1
22.654,0,101,0.956,203.88
46.618,5,25,0.923,2.04
29.375,8,53,0.999,79.87
47.413,6,132,0.88,127.84
27.802,7,2,1.042,53.05
25.028,5,83,1.033,165.85
0.177,5,227,1.121,420.86
24.044,4,110,1.122,203.98
46.373,8,51,1.14,25.35
9.918,2,62,0.87,202.88
2.605,8,249,1.067,436.9
20.339,4,43,0.944,133.05
18.62,2,124,1.069,249.19
42.858,7,221,1.018,223.23
1.331,8,204,1.145,376.2
46.007,8,61,0.992,34.52
34.045,6,179,0.886,186.82
45.211,6,154,1.038,108.66
30.376,5,73,0.982,133.91
40.598,1,62,0.95,99.67
16.777,8,117,1.031,217.1
17.478,3,240,1.104,369.52
19.494,2,39,0.923,136.47
37.74,3,59,1.052,95.14
18.465,8,144,1.071,241.35
12.111,8,231,1.139,355.89
46.883,0,237,0.915,253.03
45.401,9,246,1.004,199.12
17.44,4,24,1.06,142.33
31.732,3,215,0.865,262.73
13.692,7,93,1.111,212.59
10.306,3,131,0.952,295.33
16.817,2,0,1.053,104.11
16.355,5,156,0.971,251.96
44.114,2,205,1.119,203.5
41.115,4,245,1.092,257.89
35.481,8,170,0.99,166.64
47.967,6,111,1.135,92.16
21.127,8,169,1.081,245.3
12.252,3,186,0.98,308.27
5.87,8,180,1.116,321.57
15.053,2,151,1.009,288.28
7.263,0,74,1.018,255.22
4.609,9,16,0.883,132.48
30.147,8,157,1.118,212.58
18.209,2,208,0.968,340.27
28.229,2,240,0.994,312.94
9.567,2,135,1.146,287.22
33.845,5,238,1.098,271.66
10.775,1,186,0.885,313.62
13.901,1,46,1.082,213.47
37.088,5,194,0.921,216.91
27.987,8,120,0.9,170.91
16.742,3,38,1.096,160.83
27.149,1,116,1.011,197.36
34.699,6,141,0.992,187.43
45.607,6,230,0.882,199.51
29.036,1,235,0.878,316.1
11.634,1,129,0.97,264.95
37.335,4,164,1.132,210.14
38.888,3,159,0.916,195.43
10.02,5,95,1.066,249.68
41.029,5,32,1.011,58.07
23.247,8,76,1.016,128.79
38.988,8,245,1.135,238.95
11.874,4,125,1.108,265.64
16.629,0,191,1.105,332.83
47.685,7,30,0.866,-9.86
32.891,1,198,1.146,291.61
38.644,6,146,1.133,181.04
34.419,2,83,0.883,123.05
10.215,4,59,1.015,187.57
23.534,2,161,0.858,250.97
40.448,6,62,0.882,63.79
33.752,4,103,1.11,151.41
0.301,5,173,0.863,308.24
4.37,6,34,0.928,160.43
17.34,5,179,0.997,281.31
47.218,7,211,0.928,190.37
24.56,0,65,1.13,179.26
13.509,3,113,0.947,226.63
18.021,6,148,1.064,222.61
10.533,4,219,1.082,352.83
21.06,8,58,0.865,112.57
10.902,8,212,0.965,338.94
42.288,7,216,0.909,172.52
22.814,6,44,0.927,114.4
13.99,1,229,0.973,355.58
46.645,6,187,0.867,158.78
15.718,9,113,1.034,195.15
45.486,3,106,0.907,88.23
2.171,8,111,0.875,241.62
35.356,2,199,0.984,244.15
24.194,9,137,0.952,170.33
22.211,2,216,1.142,322.03
1.816,6,144,1.09,294.2
2.034,4,216,0.931,365.42
16.638,0,106,1.027,234.07
47.356,9,61,1.01,27.98
30.883,9,171,0.905,186.11
18.444,1,19,1.079,151.85
30.599,5,211,1.06,254.18
10.307,8,24,0.888,122.62
8.253,3,23,1.067,171.01
18.091,7,65,1.039,171.44
43.168,6,63,0.853,53.98
25.47,6,225,0.865,262.32
14.845,1,4,1.014,148.99
47.513,8,54,0.877,-0.78
40.798,8,1,1.032,-21.69
16.149,6,64,0.902,139.12
48.605,5,52,1.056,50.92
49.368,8,78,0.961,34.92
20.433,5,12,1.072,100.82
32.796,0,150,0.907,203.08
20.283,2,22,1.046,132.19
12.867,1,68,1.142,229.96
4.133,2,169,0.997,324.12
13.181,8,195,0.934,297.34
13.574,9,181,0.944,280.28
19.932,4,130,0.907,217.47
9.244,7,3,1.022,145.07
47.691,0,89,1.004,92.65
5.144,8,147,1.015,287.79
31.26,8,135,1.055,157.1
22.085,9,161,0.855,198.07
21.176,3,72,0.888,176.84
18.6,7,4,0.914,53.9
43.416,8,30,0.852,-19.21
14.024,9,174,0.906,245.0
1.029,6,226,1.104,412.31
45.905,3,227,1.045,216.76
43.224,8,119,0.898,115.34
13.845,7,117,0.861,200.76
26.174,0,43,0.925,147.2
5.454,5,35,1.064,215.46
4.671,8,196,0.984,305.15
41.873,9,74,1.011,58.77
20.513,4,150,1.011,250.63
33.086,1,235,0.921,281.95
47.16,4,111,0.901,83.44
12.257,5,182,0.897,308.87
0.658,4,85,1.139,293.51
1.207,0,32,1.132,246.81
35.469,6,186,1.074,220.69
46.228,4,157,1.044,162.75
23.367,2,112,0.917,210.78
18.755,8,240,0.885,307.82
27.143,3,243,1.13,345.1
42.946,7,164,0.934,139.87
32.608,2,234,0.907,289.32
11.649,4,73,1.127,220.04
38.729,5,36,0.897,60.08
6.731,1,161,0.939,308.62
8.278,3,189,0.903,331.46
30.634,5,241,0.854,284.53
11.939,5,24,0.905,135.66
35.239,1,149,0.986,213.8
17.476,7,181,1.009,262.76
13.871,4,198,0.9,295.29
49.946,3,52,1.065,40.22
2.031,3,93,1.011,260.74
32.291,4,127,1.03,162.47
1.935,5,178,0.946,360.76
38.011,8,73,0.91,56.26
11.504,2,130,1.089,281.84
4.492,3,80,0.956,227.51
32.422,0,163,1.007,233.83
36.63,4,73,1.072,89.47
33.905,9,21,1.113,33.52
2.595,8,131,0.985,288.65
14.715,0,168,1.142,326.92
22.554,9,4,1.008,47.48
14.355,8,22,1.088,126.43
40.526,0,42,0.873,62.15
6.556,2,193,0.878,335.71
30.609,1,127,1.034,205.73
49.411,6,77,0.966,55.4
45.128,7,245,1.079,224.42
11.108,7,65,1.022,174.57
0.004,6,182,1.035,367.86
49.03,7,39,0.9,-0.52
44.136,7,28,1.016,15.64
45.974,8,55,1.013,31.95
20.775,9,7,1.071,83.06
37.231,7,207,1.061,233.26
10.642,0,27,1.037,169.48
19.615,1,155,0.898,270.85
42.577,4,130,1.141,161.15
6.381,0,226,1.033,382.49
44.693,3,27,0.899,51.7
24.825,3,40,1.091,125.84
21.305,3,111,0.892,213.31
15.282,9,153,0.931,216.75
45.842,5,25,1.019,20.68
25.881,5,212,0.896,244.87
40.201,4,20,0.876,36.59
42.883,6,238,1.054,239.08
46.119,3,184,0.862,194.4
15.169,9,105,0.955,174.13
16.991,2,52,0.924,153.6
29.754,1,44,1.131,127.95
22.066,9,88,1.024,152.08
46.642,4,143,0.871,125.28
19.878,0,105,0.973,206.41
23.889,6,71,0.962,129.32
30.859,8,224,0.894,245.32
20.237,1,185,1.07,287.21
49.624,2,89,0.906,79.51
4.943,1,4,1.104,205.08
11.03,4,215,1.131,340.41
16.133,9,181,0.876,248.5
7.386,1,166,1.048,312.2
14.211,4,52,1.038,189.58
38.962,6,130,1.004,125.01
26.145,6,176,1.041,230.41
1.698,0,86,1.121,314.13
49.131,9,171,1.077,110.0
30.8,1,234,1.044,314.02
2.947,2,40,0.978,202.62
33.058,8,157,0.923,178.31
18.918,7,73,0.911,140.17
6.784,0,196,0.915,355.28
28.183,4,8,1.109,66.98
36.354,3,231,0.886,251.55
33.556,5,164,0.885,197.47
12.376,4,105,0.856,216.21
26.243,7,60,1.068,123.02
26.883,4,163,0.852,207.57
35.84,0,24,1.126,102.67
17.993,7,172,1.141,280.25
39.887,3,26,0.92,58.47
31.396,8,8,0.862,27.4
1.917,9,115,1.139,271.85
27.324,5,107,0.913,169.33
43.096,9,27,1.011,7.82
28.379,2,232,1.045,299.95
8.791,3,165,1.028,312.52
25.519,3,108,1.104,220.21
37.847,4,133,0.995,135.96
5.505,9,172,1.007,318.37
40.855,7,247,1.15,252.56
8.374,1,114,1.018,254.72
26.704,8,213,0.909,246.57
19.287,1,174,0.9,266.15
12.431,6,47,1.11,169.97
32.372,0,153,0.958,208.75
1.87,0,173,1.134,414.03
38.002,0,135,1.092,174.4
26.347,9,90,1.133,150.96
43.789,7,96,1.018,89.71
26.036,3,133,0.863,201.13
1.752,4,230,1.105,405.47
7.18,4,146,1.024,296.54
39.78,8,180,1.11,186.5
24.599,3,13,0.935,82.98
22.094,6,140,1.107,248.35
15.922,1,56,0.91,167.66
14.227,1,68,0.935,208.84
48.294,6,41,0.893,25.24
21.648,4,197,0.892,256.61
44.2,8,27,0.881,9.14
32.408,9,150,1.011,166.37
42.921,3,22,1.053,30.54
42.622,3,178,0.913,206.75
47.816,9,160,1.124,118.94
34.897,3,166,0.88,192.86
40.27,6,187,0.883,177.29
36.656,6,141,1.115,141.81
30.261,4,224,1.058,278.44
35.868,6,47,0.905,75.65
35.788,9,39,1.146,61.04
2.045,7,63,0.86,182.5
25.806,8,52,0.883,91.85
39.633,0,43,0.935,85.55
12.148,7,44,1.07,173.73
23.257,1,228,1.064,333.36
21.749,5,102,1.089,177.61
20.139,7,143,1.014,227.29
6.092,7,62,1.03,198.65
26.286,7,114,0.954,172.93
22.312,0,247,0.965,353.66
33.17,1,97,0.879,158.08
27.471,9,133,0.886,155.01
1.377,4,243,1.059,428.29
1.596,1,68,0.857,229.87
35.068,1,220,0.986,264.12
35.379,8,24,1.049,23.75
47.997,6,188,0.995,164.87
43.835,6,217,0.871,205.01
23.403,7,43,1.08,118.58
31.295,6,100,0.993,144.03
22.859,9,183,0.938,211.76
11.147,1,200,0.901,349.37
18.834,2,135,1.034,288.74
5.194,6,165,1.127,307.29
33.326,5,213,0.929,250.84
9.602,1,56,1.112,250.93
23.773,0,191,1.049,295.1
48.372,1,167,0.855,153.69
1.583,2,34,1.105,235.06
7.586,0,75,0.969,235.78
14.929,2,164,1.103,309.39
47.09,0,245,0.91,270.84
45.442,0,151,1.006,175.73
8.1,4,20,0.912,137.92
49.056,0,107,0.997,116.42
37.537,6,70,1.127,78.78
26.999,6,103,1.002,164.1
46.585,0,199,1.148,233.93
44.03,9,117,0.931,93.11
19.566,8,1,1.031,89.87
32.817,8,83,1.14,111.45
32.369,1,85,1.076,153.2
16.348,0,94,1.058,224.37
8.97,1,87,1.073,261.2
23.34,9,194,0.949,233.77
13.164,4,10,0.937,137.59
17.753,0,106,0.893,216.02
47.707,7,111,1.031,69.61
23.057,0,186,1.127,300.57
34.245,4,164,1.079,192.7
16.811,9,178,1.146,292.45
49.793,6,16,1.148,-7.86
32.938,0,219,0.98,289.06
9.8,2,172,1.005,335.09
4.909,3,106,1.097,270.39
47.159,4,108,1.08,99.31
47.239,0,48,1.082,47.3
31.066,8,156,1.017,171.84
0.85,8,91,1.026,235.2
11.277,8,11,1.103,134.34
40.064,1,208,1.133,247.8
43.773,0,9,1.083,30.74
22.699,5,23,1.081,91.25
18.276,1,70,0.898,177.03
13.711,4,18,1.107,171.26
5.849,8,109,1.134,265.07
5.787,1,165,0.932,309.76
47.63,1,233,0.907,246.22
40.431,7,64,0.899,39.46
8.239,9,149,0.857,245.81
10.353,4,80,0.972,182.09
32.778,0,164,0.904,242.39
38.233,0,100,0.888,179.89
40.516,1,177,1.069,205.18
8.167,8,52,1.079,180.35
49.206,5,115,1.06,66.32
11.39,3,89,1.05,237.73
29.471,2,108,1.005,168.69
29.381,6,163,0.868,220.67
48.368,2,102,1.143,104.9
32.883,7,79,1.146,118.18
29.245,8,7,1.115,34.71
25.939,5,118,1.079,198.11
38.233,2,138,1.08,185.54
5.303,3,97,1.029,270.45
0.105,9,21,0.884,150.47
47.624,6,59,1.097,15.3
24.933,3,17,1.053,84.74
16.417,5,14,0.873,102.32
18.403,8,145,1.032,226.69
40.192,6,51,0.906,54.05
19.119,9,110,1.017,182.03
38.508,9,224,0.925,219.58
22.023,7,194,1.042,264.38
42.204,9,206,1.083,210.65
3.81,4,80,0.865,192.71
24.056,0,123,0.872,226.59
23.342,1,228,1.149,348.9
13.216,0,14,1.055,175.3
47.181,7,175,0.943,150.63
45.251,1,121,0.921,138.27
22.18,8,145,0.976,220.5
4.858,3,117,1.134,291.96
10.339,3,27,1.057,183.84
13.575,3,117,1.148,257.8
24.211,2,35,1.015,127.26
16.919,4,187,0.977,291.95
38.707,3,19,0.912,26.81
23.801,4,169,1.011,268.38
43.519,3,18,1.043,21.4
49.789,7,235,1.005,219.17
10.992,2,8,0.89,121.42
30.584,1,134,0.9,204.61
42.375,6,27,1.087,19.52
47.262,2,49,0.914,60.4
14.504,1,75,0.882,196.59
36.352,7,145,0.899,161.8
0.751,2,180,1.12,373.43
43.957,7,237,1.037,231.41
3.197,4,105,1.082,287.52
36.67,0,110,0.919,159.95
49.731,0,237,1.039,228.48
25.059,3,216,0.908,293.89
10.467,7,207,1.006,332.73
29.732,9,158,0.872,194.95
31.207,3,166,1.005,236.6
33.404,4,120,0.919,163.68
8.631,2,116,0.916,258.68
44.936,9,88,0.999,63.11
31.05,8,135,1.022,157.82
2.178,7,226,1.061,375.74
34.202,2,212,0.941,267.45
9.804,2,12,0.936,144.33
1.367,5,212,0.875,358.51
27.548,6,48,0.945,97.99
40.666,4,85,0.954,84.08
42.997,0,103,0.998,122.9
5.176,5,197,0.975,319.9
33.152,8,236,1.059,270.43
35.504,0,173,0.986,223.41
14.726,5,46,1.102,193.1
48.568,3,20,1.009,-1.99
13.934,9,69,1.026,179.35
3.499,9,168,1.059,337.52
25.964,3,170,1.053,266.88
34.716,8,25,1.13,52.45
12.233,9,4,1.072,123.9
16.929,2,38,1.137,172.03
28.181,6,32,0.953,108.5
44.334,6,39,1.142,62.17
37.366,8,147,1.03,137.44
10.48,8,162,0.943,261.2
12.589,7,172,0.891,250.71
26.194,8,28,1.005,94.71
38.448,0,45,1.139,87.62
30.938,7,60,1.102,94.89
25.066,2,67,1.074,163.7
29.856,3,179,0.866,232.93
37.803,6,174,1.082,184.73
26.854,9,46,1.056,107.1
44.888,9,102,1.101,58.32
47.353,2,133,0.881,106.75
45.768,4,53,0.968,55.21
37.726,1,175,0.951,230.27
12.316,3,234,1.082,386.82
19.264,1,193,1.078,338.45
14.0,3,203,1.0,315.97
32.883,2,76,0.959,117.13
16.211,8,214,0.881,287.91
37.72,7,54,0.896,54.5
5.675,9,152,0.853,244.99
38.768,8,36,1.082,29.31
29.295,1,132,1.126,210.38
41.769,8,218,0.86,215.65
21.544,0,105,1.089,239.34
31.248,8,5,0.933,22.5
27.721,4,243,1.004,297.1
48.784,8,111,1.058,54.75
37.774,8,215,0.951,213.56
27.241,3,48,1.145,128.74
8.702,7,26,1.146,169.5
45.206,5,50,1.052,27.39
10.292,5,222,1.145,382.8
32.502,8,173,0.885,189.75
46.824,1,213,0.854,215.97
11.179,2,39,1.105,201.13
11.296,2,18,1.058,176.38
42.591,6,39,0.944,21.11
41.383,4,66,1.007,80.7
17.585,0,130,0.97,246.94
13.255,7,141,0.986,244.48
6.369,4,213,1.021,362.14
49.397,3,62,1.005,41.72
41.767,3,5,1.034,24.55
44.97,1,214,0.95,225.38
25.684,0,229,1.019,326.28
5.719,5,98,1.109,269.3
2.629,2,57,0.958,219.54
16.529,8,73,0.934,154.07
46.017,3,40,0.997,12.85
47.379,1,18,0.946,23.0
42.058,3,211,1.121,218.96
7.934,3,186,1.032,356.89
20.996,0,168,1.072,275.42
12.312,7,237,0.859,322.82
10.267,3,56,0.879,178.32
34.241,3,120,0.971,171.41
24.306,6,174,0.975,225.01
16.245,1,0,0.87,97.19
5.011,5,93,1.088,260.4
27.238,5,67,1.019,137.68
17.351,6,182,1.0,282.72
19.555,1,44,1.053,173.26
15.525,6,105,1.058,222.19
19.36,1,96,0.949,231.1
27.793,1,231,0.993,311.12
0.707,0,131,1.024,330.59
42.382,8,201,0.851,157.36
46.096,8,216,0.892,188.51
27.526,4,62,0.967,117.36
13.401,6,38,0.863,127.07
49.512,9,213,0.866,162.56
19.16,6,90,1.004,167.69
34.683,2,93,1.034,154.95
34.498,1,24,0.923,59.97
21.715,3,190,1.119,288.77
9.958,7,138,1.093,262.77
48.329,0,56,1.108,52.63
3.185,7,137,0.987,266.21
24.257,1,158,1.095,258.74
11.037,9,52,1.051,156.04
14.699,7,119,0.878,225.07
41.426,1,211,0.854,245.5
18.363,6,130,1.132,238.47
4.167,2,52,1.012,218.6
9.815,5,83,1.07,215.82
43.019,6,199,0.898,171.07
48.851,5,167,1.059,135.93
13.399,4,226,1.045,348.74
33.77,8,163,1.121,193.46
4.06,8,199,0.941,316.57
36.173,2,218,0.959,260.19
20.822,6,223,1.034,320.96
45.908,1,5,1.114,44.3
15.577,0,224,0.931,329.23
47.073,9,103,0.879,58.35
25.162,3,3,0.948,64.42
17.445,2,81,1.042,241.51
32.351,3,94,1.149,141.23
12.487,2,40,0.902,177.49
11.488,9,114,1.093,237.59
9.817,8,21,0.917,109.55
47.995,3,188,1.004,168.13
24.646,3,165,1.075,261.66
37.581,6,99,0.882,117.55
23.7,3,199,1.089,310.75
29.377,8,118,0.873,145.35
29.207,8,117,0.947,154.18
48.994,8,110,0.86,74.83
33.422,5,116,1.103,146.37
11.988,9,0,1.031,117.07
0.76,8,67,0.9,197.17
10.934,2,32,0.885,161.81
22.776,1,73,0.993,166.94
19.671,9,187,0.852,221.32
40.616,1,93,1.088,115.62
39.278,6,63,1.141,70.11
4.455,9,197,0.861,286.31
47.601,4,204,1.026,210.27
26.373,3,170,1.033,248.19
29.82,1,223,0.853,298.58
20.253,3,24,1.08,122.18
32.475,9,110,0.928,133.53
43.566,5,65,1.046,68.81
33.697,5,232,0.913,237.83
48.505,7,84,0.876,50.62
35.056,5,84,0.925,119.83
41.086,4,19,1.113,33.67
2.252,6,196,1.078,385.71
33.635,2,184,0.997,251.49
32.738,3,120,0.885,176.53
5.087,5,159,0.913,283.52
42.119,8,11,1.139,-9.42
30.709,5,177,0.892,214.45
4.916,3,229,0.936,394.77
29.723,7,49,1.016,101.45
23.921,4,164,0.961,253.46
11.665,4,173,0.931,315.11
0.988,7,175,1.054,328.43
18.278,8,218,0.897,269.43
30.993,3,201,0.992,260.38
16.464,7,26,0.885,108.15
15.363,7,118,0.936,224.47
37.556,2,245,0.958,273.39
37.931,3,113,1.042,174.88
35.938,1,182,0.987,206.26
5.059,4,150,0.935,299.69
25.808,5,34,1.055,93.87
27.89,5,158,0.992,214.99
37.24,1,176,1.067,196.04
45.159,3,60,0.966,63.51
18.452,1,167,1.068,297.41
21.433,9,151,1.021,192.59
36.638,4,28,0.924,65.06
33.132,9,226,1.013,253.57
27.893,1,143,0.891,214.82
17.507,8,214,0.853,250.94
9.768,9,204,1.057,335.75
9.19,0,153,0.903,284.12
4.079,5,53,1.028,208.95
4.06,8,129,0.99,249.97
42.29,2,243,0.981,278.12
19.184,9,199,0.944,274.05
3.037,8,3,1.007,137.32
44.821,1,200,1.142,233.88
11.164,1,2,1.08,190.54
13.406,9,115,0.974,210.58
9.725,1,158,1.112,323.44
48.375,2,201,1.008,195.03
5.627,3,48,1.146,245.0
36.108,2,194,1.141,246.2
46.604,5,53,0.858,42.0
33.4,5,197,0.902,218.93
42.936,4,231,1.102,257.32
12.122,1,22,0.959,166.17
33.696,9,114,0.924,127.26
35.044,3,226,1.011,258.82
22.917,6,54,1.052,119.39
43.527,7,69,0.945,54.37
34.719,8,44,1.108,58.26
44.744,1,75,1.0,89.06
37.66,8,94,0.919,107.43
26.015,6,35,1.052,85.38
24.934,6,12,0.991,80.91
22.686,0,140,0.895,242.33
1.082,9,25,0.872,161.39
26.757,9,65,1.031,111.23
21.149,7,114,0.869,173.05
7.877,2,172,1.142,339.33
5.953,3,114,0.911,262.1
22.468,9,21,1.146,99.91
1.996,3,8,0.946,189.07
49.329,1,91,1.128,90.78
18.906,2,239,1.041,362.58
19.105,4,104,0.879,166.2
2.556,2,201,0.927,363.14
21.334,4,61,0.968,141.88
0.787,7,113,0.976,254.82
1.505,7,213,1.019,372.28
16.955,9,81,1.028,166.81
41.048,2,123,0.943,157.45
22.941,4,17,0.877,71.08
0.742,0,188,1.057,413.17
8.161,6,91,0.989,224.31
36.996,2,92,1.055,127.21
36.915,6,248,1.02,267.43
37.726,7,218,0.852,202.44
17.583,9,202,1.091,303.71
17.614,6,60,1.08,172.37
40.104,4,177,0.971,207.28
19.907,8,195,1.084,292.69
36.36,0,36,0.855,85.06
29.056,5,43,0.978,106.79
18.217,5,90,0.977,183.76
4.0,6,103,0.909,237.3
5.806,6,2,0.916,137.93
44.478,1,154,0.864,169.44
22.617,9,150,1.047,228.23
49.7,4,241,1.138,209.82
18.195,5,116,1.128,227.89
12.498,1,65,0.91,204.99
17.527,8,170,1.012,278.37
17.154,5,194,1.088,318.43
31.868,4,103,0.949,151.19
0.637,7,56,0.903,189.7
38.163,7,93,0.856,96.65
20.821,0,76,1.072,198.28
21.612,6,135,0.931,203.53
24.056,5,210,0.907,270.66
22.461,2,236,1.12,364.62
24.874,0,178,1.098,305.92
17.295,1,216,1.088,356.86
22.667,0,71,0.867,157.53
20.233,2,236,1.129,350.23
25.912,5,163,0.985,250.32
31.163,1,236,0.927,307.61
12.052,5,62,1.069,171.31
25.422,9,156,0.861,187.95
29.731,7,96,0.894,143.2
0.847,2,217,0.977,375.88
26.025,2,107,1.141,221.73
11.965,0,58,0.86,175.09
20.227,2,21,0.869,99.02
41.327,6,68,0.885,83.74
16.312,8,162,0.939,242.28
24.161,7,128,0.928,194.14
1.237,2,240,0.901,411.43
15.438,4,227,1.061,355.0
31.986,0,218,1.068,314.02
15.758,0,176,0.967,322.03
10.29,8,148,1.012,256.16
14.533,9,10,1.024,118.09
47.719,6,65,1.097,33.91
4.34,3,65,0.976,216.33
23.168,3,191,1.121,315.67
2.919,2,10,1.094,203.14
26.933,4,136,1.013,189.8
7.302,7,129,0.937,239.25
31.704,2,227,1.069,308.98
13.22,5,246,1.06,367.88
34.546,3,3,0.894,35.22
17.357,2,78,1.121,239.93
0.208,0,209,0.907,378.49
14.745,7,90,0.869,159.86
4.095,6,119,0.851,245.62
24.752,6,120,1.08,175.61
14.445,7,93,0.851,174.55
32.0,9,234,0.924,243.46
24.997,8,71,1.142,144.01
1.802,9,118,0.881,233.56
15.932,2,82,1.026,219.23
24.453,1,83,0.867,152.03
28.61,3,49,0.989,117.5
5.244,3,171,1.037,338.09
32.499,7,30,1.009,76.14
17.185,7,220,1.051,328.06
9.146,6,209,0.896,314.94
40.266,4,233,1.061,238.78
3.431,0,84,0.859,232.54
46.488,5,32,0.939,29.9
35.313,0,137,1.128,212.11
23.78,1,76,0.905,175.43
0.558,5,190,0.896,351.7
19.506,0,191,0.973,295.8
32.29,5,141,0.98,167.01
42.946,8,16,0.935,-5.67
30.888,5,125,0.907,175.14
19.885,0,53,0.92,165.27
22.368,8,209,1.054,276.45
43.665,6,32,0.884,12.24
17.568,4,11,0.885,102.31
3.258,6,118,0.898,242.64
22.134,5,63,1.122,136.26
49.923,7,161,1.105,121.66
18.989,7,200,1.135,284.17
9.653,7,57,1.131,208.58
2.257,5,94,0.869,227.13
8.548,1,95,1.094,258.86
16.203,0,125,0.954,237.52
28.714,5,247,1.094,308.29
33.279,1,65,1.134,137.56
2.141,6,56,1.062,241.05
46.809,9,6,1.104,-46.78
11.782,1,179,1.018,342.59
7.453,6,170,1.007,289.21
26.541,0,1,1.135,111.38
33.879,5,188,0.978,235.27
15.363,7,92,0.879,149.26
33.472,3,145,0.915,176.39
14.715,1,24,1.053,157.7
45.109,8,249,0.972,248.03
44.035,5,38,1.082,36.34
3.56,1,157,1.01,347.53
7.52,4,45,0.89,180.96
34.903,6,180,1.049,213.65
0.006,2,187,1.135,403.58
41.091,0,217,1.004,244.31
17.812,9,187,1.114,267.77
37.231,4,122,1.141,137.14
2.212,4,208,0.935,367.32
10.463,6,134,1.008,269.81
3.54,5,222,0.856,356.73
8.991,0,127,1.006,298.83
19.221,0,138,0.914,246.98
24.578,6,224,0.974,266.57
45.805,1,206,0.869,191.3
31.359,8,111,1.085,156.62
35.324,8,18,1.022,36.82
4.106,3,33,1.043,210.02
14.339,2,107,0.967,254.5
49.587,7,175,0.879,132.13
28.021,3,241,0.96,312.51
39.391,2,33,1.032,80.82
1.624,2,79,1.018,257.15
4.204,2,155,1.076,353.06
5.462,0,157,0.955,340.24
0.764,4,168,1.133,375.26
46.099,1,38,1.053,59.85
12.682,6,64,1.012,184.92
49.828,3,212,0.869,174.47
36.906,1,129,1.021,161.14
12.531,7,41,1.095,150.96
49.59,7,118,0.952,67.15
43.427,0,106,1.094,115.3
8.25,4,55,1.111,196.38
9.266,9,105,1.079,219.47
34.009,1,203,0.969,273.88
3.914,8,40,0.875,161.17
29.226,1,204,1.02,306.25
3.33,6,180,0.973,333.85
11.065,1,229,0.961,380.82
47.422,1,184,0.892,174.82
24.929,0,108,1.05,205.72
28.686,0,13,0.983,85.83
13.484,8,9,0.959,105.64
22.003,1,38,1.133,141.45
6.65,2,222,0.967,372.33
25.831,8,205,0.902,256.94
2.698,5,243,0.869,362.2
2.412,5,246,1.146,416.48
33.982,8,1,0.963,1.77
2.749,6,169,1.102,345.35
26.064,2,176,0.873,245.13
13.301,8,242,0.999,349.37
9.385,3,164,0.97,317.22
28.666,9,74,0.93,103.83
14.823,2,36,1.073,171.37
22.819,8,223,1.045,286.0
6.949,2,83,0.871,201.6
6.324,0,119,0.936,269.14
5.326,9,139,0.93,251.29
3.578,2,198,1.124,382.42
27.686,2,133,0.919,194.11
37.8,4,109,1.004,142.42
39.618,8,117,1.138,112.07
47.892,6,229,1.148,201.42
8.42,2,227,1.002,389.59
6.781,2,198,0.962,351.66
23.498,3,159,0.984,246.42
43.05,6,234,0.916,210.56
38.353,3,224,1.148,275.97
27.909,8,177,0.945,202.7
7.839,2,163,0.898,303.01
19.563,6,27,0.886,104.01
35.967,9,182,1.112,197.67
18.671,8,205,0.925,276.68
1.956,4,131,0.946,284.7
29.194,3,177,0.941,216.03
36.007,1,139,1.075,190.23
35.739,4,145,1.113,191.35
8.243,2,50,0.928,194.56
16.8,2,73,0.893,184.59
20.459,9,203,1.065,266.44
21.024,6,107,0.991,188.9
5.708,5,60,0.877,168.75
19.277,2,193,0.975,293.2
25.332,8,35,0.87,91.93
35.528,6,61,1.145,90.29
28.472,7,137,1.123,202.77
20.247,3,61,1.136,190.53
46.38,6,107,1.107,97.27
29.904,8,29,0.855,37.17
48.74,7,59,0.888,3.23
43.369,6,80,1.052,34.6
33.681,4,21,0.893,43.35
44.966,7,100,0.987,81.89
49.562,7,120,0.911,81.74
11.044,3,203,0.895,332.19
34.553,8,32,0.882,50.76
45.939,0,31,1.102,26.6
0.87,8,79,1.101,257.43
39.974,0,214,0.997,258.84
4.47,4,25,1.034,213.04
45.828,5,142,0.919,129.02
30.601,9,94,1.125,116.33
8.103,4,164,1.022,292.64
1.971,3,73,1.042,257.75
41.391,4,112,0.984,114.55
6.975,6,212,1.052,350.98
46.977,1,166,1.044,174.8
4.543,6,62,1.142,223.7
41.899,8,54,1.03,36.89
21.177,6,163,0.9,207.36
43.637,3,87,1.065,106.09
38.429,7,198,0.939,194.22
42.644,9,87,0.918,77.33
23.512,7,19,0.989,75.2
35.688,8,235,1.012,240.75
15.933,5,4,0.862,80.5
2.359,0,132,1.026,341.9
11.62,8,180,1.052,295.11
0.068,8,241,1.123,408.35
18.151,0,79,1.013,204.84
24.691,8,176,0.88,212.01
0.97,0,147,1.023,365.94
0.386,1,23,1.108,234.79
34.323,5,107,1.052,122.46
5.022,6,3,1.104,157.31
3.692,6,4,0.891,127.36
24.78,5,136,1.001,192.93
35.908,7,176,1.014,189.87
48.858,7,54,1.101,12.46
14.77,0,18,0.948,144.85
5.876,8,162,1.065,298.02
3.427,3,186,1.029,376.69
10.376,3,235,0.943,355.11
5.003,8,7,1.025,153.41
0.169,9,91,1.099,258.37
14.254,1,23,0.995,158.15
8.21,5,160,0.854,280.08
0.912,1,147,0.917,326.07
17.732,8,90,0.973,166.62
41.296,2,20,1.055,52.33
15.183,5,88,1.126,219.7
35.505,2,230,0.958,281.91
36.437,4,203,0.925,242.73
1.278,2,120,0.88,260.37
48.089,7,40,1.07,-12.97
6.95,3,90,1.063,265.96
35.873,2,137,1.041,190.01
18.972,7,188,1.093,310.4
43.411,6,128,0.984,139.48
49.748,0,243,0.885,250.73
9.666,2,174,0.949,320.91
40.973,2,190,0.902,218.57
25.275,3,145,1.132,231.52
48.272,0,3,1.12,31.11
32.904,9,51,1.038,73.83
29.662,8,146,1.132,210.02
11.476,1,172,1.135,307.61
35.935,6,79,1.123,90.55
14.41,1,105,0.939,221.88
42.288,7,133,0.859,96.18
48.863,2,3,1.005,9.42
0.39,5,229,1.043,395.05
47.732,7,1,0.99,-34.13
17.923,4,190,1.144,317.72
24.416,6,12,1.059,79.47
46.204,8,131,1.027,92.65
38.798,4,12,1.083,57.21
12.161,9,125,1.009,228.28
4.843,6,104,1.112,278.44
42.061,7,115,0.99,101.85
37.353,9,143,0.881,138.52
42.917,3,80,0.909,96.39
19.202,7,46,0.984,108.34
24.606,7,155,0.982,192.42
23.251,0,110,1.128,232.53
15.736,6,225,0.979,325.47
16.784,5,213,0.875,297.59
35.932,8,217,0.994,220.06
37.654,9,61,1.064,57.22
43.193,7,235,0.919,229.74
42.245,3,57,1.112,77.52
37.697,1,162,0.852,206.38
16.639,2,240,1.061,357.41
35.502,6,23,0.925,49.03
48.631,8,45,1.069,-2.03
45.812,2,83,1.032,93.47
48.574,6,171,1.121,123.57
1.81,9,191,0.876,288.84
30.58,0,142,0.997,229.27
10.767,2,203,1.032,352.52
12.328,1,31,1.109,212.99
42.203,5,89,0.855,93.7
37.51,8,53,1.088,48.5
16.44,2,197,0.993,327.67
25.996,7,213,1.119,279.83
9.416,8,55,0.879,159.37
0.191,7,18,0.919,158.0
44.998,8,204,0.998,169.88
35.482,8,29,1.056,47.84
26.441,2,234,0.889,324.81
2.705,8,22,1.032,175.47
21.042,0,124,0.981,235.42
19.002,3,118,0.954,228.4
8.577,9,57,1.064,177.93
7.809,0,148,1.02,322.94
8.659,1,60,0.877,188.47
29.842,3,26,0.966,109.91
6.235,9,5,0.861,104.1
11.927,7,216,0.963,324.86
47.314,9,145,1.127,121.53
10.973,5,186,1.039,312.47
38.193,3,240,1.064,265.67
29.902,3,161,0.938,220.21
20.658,5,156,1.055,256.32
29.764,0,236,1.138,339.91
6.681,4,120,1.072,253.72
24.209,3,86,1.107,167.74
48.607,7,183,0.894,141.47
21.386,9,128,0.999,173.29
12.144,8,30,0.91,95.61
46.375,9,64,1.026,13.77
30.539,1,198,1.038,239.04
36.393,1,164,0.868,211.34
27.17,7,100,1.143,160.3
0.56,5,170,1.076,356.38
37.785,7,191,1.045,189.7
48.935,0,93,0.948,95.87
35.809,2,98,0.96,150.2
40.438,6,67,0.87,67.7
42.579,6,132,0.887,140.84
49.96,4,16,0.962,3.42
14.431,8,177,1.081,249.11
22.469,1,23,1.07,144.03
27.141,0,128,0.907,223.21
7.623,2,201,0.935,353.75
24.049,6,138,0.868,188.27
13.849,7,108,1.066,225.21
41.847,7,37,1.129,27.79
17.353,1,230,0.98,355.29
4.084,5,55,0.93,202.61
0.504,4,95,0.92,255.24
43.027,1,130,1.085,133.72
42.942,9,147,1.046,135.32
46.704,0,3,1.146,16.0
3.627,3,77,1.135,282.48
19.738,5,121,0.872,198.06
21.41,8,233,0.904,303.24
43.044,8,219,0.894,190.52
13.071,2,198,1.001,326.94
15.11,8,160,0.971,247.47
36.636,5,185,1.087,221.54
9.003,7,187,0.909,289.43
31.769,7,213,0.88,234.65
37.11,2,172,1.039,216.99
9.023,2,131,0.904,276.6
11.097,8,112,1.093,223.03
34.99,9,219,0.929,233.42
39.725,2,44,0.967,62.99
47.668,3,218,0.954,212.36
15.432,6,16,1.134,145.17
27.432,8,71,0.928,101.18
7.341,2,230,0.976,370.64
21.845,0,113,0.973,216.84
13.056,1,246,1.105,411.1
17.44,9,161,1.095,235.15
40.168,3,23,1.106,37.64
40.161,6,150,1.037,157.16
35.225,0,156,0.926,206.13
6.182,3,212,0.909,342.44
14.201,1,190,0.886,305.69
46.965,6,80,1.021,77.17
22.626,6,58,0.966,133.24
31.092,6,182,0.867,209.8
0.915,5,64,1.064,254.8
25.901,4,65,0.989,129.32
34.457,2,224,0.868,267.89
2.944,7,182,0.983,297.71
5.764,6,210,1.134,376.06
18.418,1,175,0.903,287.75
47.223,4,83,1.042,55.98
12.44,1,134,0.978,264.2
1.08,2,237,0.949,439.51
40.464,6,50,0.895,46.76
42.462,9,187,0.964,149.71
26.835,1,93,0.858,169.02
44.652,0,191,0.962,232.83
8.952,5,23,1.02,150.41
13.733,4,228,0.95,324.93
1.022,6,212,0.896,367.4
29.172,3,225,0.98,274.54
44.369,1,109,0.957,126.54
30.32,6,56,1.145,107.93
4.014,1,247,1.019,425.62
34.661,2,86,0.987,146.44
33.797,4,249,1.138,288.7
8.337,3,19,1.085,155.06
41.449,9,133,0.956,119.5
45.62,3,135,0.99,148.41
19.585,1,38,1.005,147.76
15.438,8,59,0.912,121.61
28.734,1,14,0.89,83.73
48.626,8,110,0.896,58.52
36.248,8,199,0.959,191.25
39.503,4,115,0.878,115.37
38.429,7,138,0.909,118.03
47.85,4,222,0.881,201.38
40.81,8,46,0.855,39.03
13.416,5,25,0.968,143.16
11.565,7,78,0.984,179.41
12.105,9,64,1.074,150.66
10.647,6,13,1.02,129.8
10.413,4,117,1.107,264.7
46.725,4,110,1.056,77.69
47.583,6,223,1.095,204.14
4.493,5,152,1.02,328.11
3.204,2,177,1.009,355.63
42.852,8,101,1.14,71.35
28.187,9,247,0.974,285.01
10.578,5,37,1.007,154.78
23.091,6,107,1.06,179.31
3.687,6,233,0.996,368.93
49.111,1,86,0.975,103.82
6.998,1,10,1.05,187.87
40.328,1,220,0.864,240.26
47.909,9,71,1.108,40.19
35.551,9,214,1.143,259.59
4.428,6,203,1.034,359.05
29.499,4,133,0.991,205.1
6.461,9,134,0.986,240.97
43.348,1,223,1.019,244.42
33.641,0,123,1.069,181.53
47.103,3,14,0.94,-10.96
7.294,1,103,0.945,254.3
22.684,0,34,0.891,123.42
27.178,9,143,1.068,170.88
5.417,3,228,0.962,371.99
33.845,7,72,1.101,124.39
28.322,0,249,0.994,319.62
17.402,6,139,0.884,228.96
20.646,5,228,1.15,328.39
39.811,0,13,1.095,61.31
17.821,2,215,0.931,320.13
48.632,8,176,0.874,130.62
45.909,6,69,0.86,53.4
3.904,2,209,1.086,405.81
42.621,4,19,0.882,27.08
33.689,8,28,0.927,27.87
2.766,9,247,0.88,354.82
47.768,8,240,1.138,190.72
41.674,2,97,0.949,117.27
41.634,4,139,0.921,147.94
45.782,5,129,1.065,120.39
46.054,0,139,1.045,140.79
10.954,6,210,0.953,321.9
46.868,8,201,1.018,156.91
2.397,5,185,1.038,367.35
44.072,5,154,0.974,147.9
22.836,7,175,1.091,257.66
41.558,1,147,1.075,174.56
13.652,0,98,1.106,253.03
37.743,4,81,0.878,101.98
40.235,7,166,1.025,150.07
4.047,4,80,1.069,271.37
45.721,6,183,0.855,163.33
40.863,5,152,1.032,168.09
29.773,1,211,0.958,268.75
35.396,5,190,1.115,222.06
17.291,2,87,1.099,218.07
23.528,0,25,0.926,117.85
7.368,1,43,1.088,202.74
24.995,7,38,0.891,87.59
39.141,6,24,1.084,41.11
27.92,3,134,1.056,191.34
6.674,7,16,1.098,168.06
41.478,3,115,1.007,120.71
36.899,5,219,1.082,244.95
1.868,9,37,1.069,197.42
40.244,9,40,0.867,7.25
43.262,5,19,1.004,27.6
25.619,5,225,1.018,320.69
18.93,4,165,1.121,308.9
4.174,4,74,1.015,221.23
41.414,7,93,1.12,84.04
0.183,2,194,0.922,371.0
17.174,2,142,0.98,260.26
16.387,9,78,1.008,147.6
45.601,4,66,0.955,57.31
22.465,3,74,0.952,177.2
44.433,7,98,0.898,63.09
4.465,7,85,0.902,183.85
42.304,5,145,1.105,148.2
30.619,8,172,1.071,211.08
26.896,7,242,0.982,303.06
15.298,9,230,1.083,311.41
24.518,3,61,0.895,139.48
13.673,2,124,0.913,232.97
22.791,2,51,1.027,153.16
38.441,6,18,0.881,20.35
31.275,7,45,1.051,83.42
34.027,0,39,0.946,121.16
44.611,1,144,1.118,160.05
2.647,2,117,1.039,284.58
9.947,9,182,0.982,282.29
36.21,9,46,1.013,62.94
20.412,0,192,0.918,319.72
32.511,1,34,0.86,83.93
44.888,8,216,0.867,184.86
36.8,4,136,0.97,153.39
46.656,4,13,1.104,33.89
7.597,6,185,1.057,329.14
37.831,8,142,1.043,155.47
35.131,7,82,1.136,107.97
0.378,5,232,1.118,413.03
2.149,0,110,0.979,309.26
1.688,9,87,1.073,222.41
26.381,2,106,1.001,202.18
38.825,3,49,1.059,85.31
20.268,7,223,0.984,309.15
0.161,6,207,1.023,387.33
8.745,8,54,0.899,143.99
47.425,7,202,1.073,188.86
12.233,4,202,0.865,325.46
42.669,3,191,0.868,202.5
18.519,7,214,1.015,290.67
26.065,8,39,1.043,75.84
24.487,9,42,0.937,64.86
6.724,2,83,1.119,268.83
18.308,9,121,1.0,206.0
49.982,8,230,0.888,146.61
28.206,3,194,1.119,267.42
23.262,9,101,1.021,148.45
27.457,7,17,1.056,76.36
13.15,5,167,0.958,269.29
28.318,5,215,1.107,278.59
36.416,0,211,1.037,263.47
5.284,0,141,1.034,331.03
13.922,3,20,0.951,141.98
10.446,2,20,1.128,191.75
37.244,8,138,1.141,144.86
46.783,1,44,1.049,62.67
21.234,7,162,0.857,213.45
31.662,9,109,1.092,167.82
1.561,9,163,0.998,307.77
6.574,9,171,1.142,334.73
19.223,6,136,0.927,211.71
33.22,7,1,0.874,36.83
32.016,6,82,1.103,110.88
9.608,2,161,1.0,293.06
6.645,2,63,0.957,224.0
46.904,2,53,0.979,52.38
17.768,6,72,1.133,200.1
